"","rhymes"
"1","people"
"2","history"
"3","way"
"4","art"
"5","world"
"6","information"
"7","map"
"8","family"
"9","government"
"10","health"
"11","system"
"12","computer"
"13","meat"
"14","year"
"15","thanks"
"16","music"
"17","person"
"18","reading"
"19","method"
"20","data"
"21","food"
"22","understanding"
"23","theory"
"24","law"
"25","bird"
"26","literature"
"27","problem"
"28","software"
"29","control"
"30","knowledge"
"31","power"
"32","ability"
"33","economics"
"34","love"
"35","internet"
"36","television"
"37","science"
"38","library"
"39","nature"
"40","fact"
"41","product"
"42","idea"
"43","temperature"
"44","investment"
"45","area"
"46","society"
"47","activity"
"48","story"
"49","industry"
"50","media"
"51","thing"
"52","oven"
"53","community"
"54","definition"
"55","safety"
"56","quality"
"57","development"
"58","language"
"59","management"
"60","player"
"61","variety"
"62","video"
"63","week"
"64","security"
"65","country"
"66","exam"
"67","movie"
"68","organization"
"69","equipment"
"70","physics"
"71","analysis"
"72","policy"
"73","series"
"74","thought"
"75","basis"
"76","boyfriend"
"77","direction"
"78","strategy"
"79","technology"
"80","army"
"81","camera"
"82","freedom"
"83","paper"
"84","environment"
"85","child"
"86","instance"
"87","month"
"88","truth"
"89","marketing"
"90","university"
"91","writing"
"92","article"
"93","department"
"94","difference"
"95","goal"
"96","news"
"97","audience"
"98","fishing"
"99","growth"
"100","income"
"101","marriage"
"102","user"
"103","combination"
"104","failure"
"105","meaning"
"106","medicine"
"107","philosophy"
"108","teacher"
"109","communication"
"110","night"
"111","chemistry"
"112","disease"
"113","disk"
"114","energy"
"115","nation"
"116","road"
"117","role"
"118","soup"
"119","advertising"
"120","location"
"121","success"
"122","addition"
"123","apartment"
"124","education"
"125","math"
"126","moment"
"127","painting"
"128","politics"
"129","attention"
"130","decision"
"131","event"
"132","property"
"133","shopping"
"134","student"
"135","wood"
"136","competition"
"137","distribution"
"138","entertainment"
"139","office"
"140","population"
"141","president"
"142","unit"
"143","category"
"144","cigarette"
"145","context"
"146","introduction"
"147","opportunity"
"148","performance"
"149","driver"
"150","flight"
"151","length"
"152","magazine"
"153","newspaper"
"154","relationship"
"155","teaching"
"156","cell"
"157","dealer"
"158","finding"
"159","lake"
"160","member"
"161","message"
"162","phone"
"163","scene"
"164","appearance"
"165","association"
"166","concept"
"167","customer"
"168","death"
"169","discussion"
"170","housing"
"171","inflation"
"172","insurance"
"173","mood"
"174","woman"
"175","advice"
"176","blood"
"177","effort"
"178","expression"
"179","importance"
"180","opinion"
"181","payment"
"182","reality"
"183","responsibility"
"184","situation"
"185","skill"
"186","statement"
"187","wealth"
"188","application"
"189","city"
"190","county"
"191","depth"
"192","estate"
"193","foundation"
"194","grandmother"
"195","heart"
"196","perspective"
"197","photo"
"198","recipe"
"199","studio"
"200","topic"
"201","collection"
"202","depression"
"203","imagination"
"204","passion"
"205","percentage"
"206","resource"
"207","setting"
"208","ad"
"209","agency"
"210","college"
"211","connection"
"212","criticism"
"213","debt"
"214","description"
"215","memory"
"216","patience"
"217","secretary"
"218","solution"
"219","administration"
"220","aspect"
"221","attitude"
"222","director"
"223","personality"
"224","psychology"
"225","recommendation"
"226","response"
"227","selection"
"228","storage"
"229","version"
"230","alcohol"
"231","argument"
"232","complaint"
"233","contract"
"234","emphasis"
"235","highway"
"236","loss"
"237","membership"
"238","possession"
"239","preparation"
"240","steak"
"241","union"
"242","agreement"
"243","cancer"
"244","currency"
"245","employment"
"246","engineering"
"247","entry"
"248","interaction"
"249","mixture"
"250","preference"
"251","region"
"252","republic"
"253","tradition"
"254","virus"
"255","actor"
"256","classroom"
"257","delivery"
"258","device"
"259","difficulty"
"260","drama"
"261","election"
"262","engine"
"263","football"
"264","guidance"
"265","hotel"
"266","owner"
"267","priority"
"268","protection"
"269","suggestion"
"270","tension"
"271","variation"
"272","anxiety"
"273","atmosphere"
"274","awareness"
"275","bath"
"276","bread"
"277","candidate"
"278","climate"
"279","comparison"
"280","confusion"
"281","construction"
"282","elevator"
"283","emotion"
"284","employee"
"285","employer"
"286","guest"
"287","height"
"288","leadership"
"289","mall"
"290","manager"
"291","operation"
"292","recording"
"293","sample"
"294","transportation"
"295","charity"
"296","cousin"
"297","disaster"
"298","editor"
"299","efficiency"
"300","excitement"
"301","extent"
"302","feedback"
"303","guitar"
"304","homework"
"305","leader"
"306","mom"
"307","outcome"
"308","permission"
"309","presentation"
"310","promotion"
"311","reflection"
"312","refrigerator"
"313","resolution"
"314","revenue"
"315","session"
"316","singer"
"317","tennis"
"318","basket"
"319","bonus"
"320","cabinet"
"321","childhood"
"322","church"
"323","clothes"
"324","coffee"
"325","dinner"
"326","drawing"
"327","hair"
"328","hearing"
"329","initiative"
"330","judgment"
"331","lab"
"332","measurement"
"333","mode"
"334","mud"
"335","orange"
"336","poetry"
"337","police"
"338","possibility"
"339","procedure"
"340","queen"
"341","ratio"
"342","relation"
"343","restaurant"
"344","satisfaction"
"345","sector"
"346","signature"
"347","significance"
"348","song"
"349","tooth"
"350","town"
"351","vehicle"
"352","volume"
"353","wife"
"354","accident"
"355","airport"
"356","appointment"
"357","arrival"
"358","assumption"
"359","baseball"
"360","chapter"
"361","committee"
"362","conversation"
"363","database"
"364","enthusiasm"
"365","error"
"366","explanation"
"367","farmer"
"368","gate"
"369","girl"
"370","hall"
"371","historian"
"372","hospital"
"373","injury"
"374","instruction"
"375","maintenance"
"376","manufacturer"
"377","meal"
"378","perception"
"379","pie"
"380","poem"
"381","presence"
"382","proposal"
"383","reception"
"384","replacement"
"385","revolution"
"386","river"
"387","son"
"388","speech"
"389","tea"
"390","village"
"391","warning"
"392","winner"
"393","worker"
"394","writer"
"395","assistance"
"396","breath"
"397","buyer"
"398","chest"
"399","chocolate"
"400","conclusion"
"401","contribution"
"402","cookie"
"403","courage"
"404","desk"
"405","drawer"
"406","establishment"
"407","examination"
"408","garbage"
"409","grocery"
"410","honey"
"411","impression"
"412","improvement"
"413","independence"
"414","insect"
"415","inspection"
"416","inspector"
"417","king"
"418","ladder"
"419","menu"
"420","penalty"
"421","piano"
"422","potato"
"423","profession"
"424","professor"
"425","quantity"
"426","reaction"
"427","requirement"
"428","salad"
"429","sister"
"430","supermarket"
"431","tongue"
"432","weakness"
"433","wedding"
"434","affair"
"435","ambition"
"436","analyst"
"437","apple"
"438","assignment"
"439","assistant"
"440","bathroom"
"441","bedroom"
"442","beer"
"443","birthday"
"444","celebration"
"445","championship"
"446","cheek"
"447","client"
"448","consequence"
"449","departure"
"450","diamond"
"451","dirt"
"452","ear"
"453","fortune"
"454","friendship"
"455","funeral"
"456","gene"
"457","girlfriend"
"458","hat"
"459","indication"
"460","intention"
"461","lady"
"462","midnight"
"463","negotiation"
"464","obligation"
"465","passenger"
"466","pizza"
"467","platform"
"468","poet"
"469","pollution"
"470","recognition"
"471","reputation"
"472","shirt"
"473","sir"
"474","speaker"
"475","stranger"
"476","surgery"
"477","sympathy"
"478","tale"
"479","throat"
"480","trainer"
"481","uncle"
"482","youth"
"483","time"
"484","work"
"485","film"
"486","water"
"487","money"
"488","example"
"489","while"
"490","business"
"491","study"
"492","game"
"493","life"
"494","form"
"495","air"
"496","day"
"497","place"
"498","number"
"499","part"
"500","field"
"501","fish"
"502","back"
"503","process"
"504","heat"
"505","hand"
"506","experience"
"507","job"
"508","book"
"509","end"
"510","point"
"511","type"
"512","home"
"513","economy"
"514","value"
"515","body"
"516","market"
"517","guide"
"518","interest"
"519","state"
"520","radio"
"521","course"
"522","company"
"523","price"
"524","size"
"525","card"
"526","list"
"527","mind"
"528","trade"
"529","line"
"530","care"
"531","group"
"532","risk"
"533","word"
"534","fat"
"535","force"
"536","key"
"537","light"
"538","training"
"539","name"
"540","school"
"541","top"
"542","amount"
"543","level"
"544","order"
"545","practice"
"546","research"
"547","sense"
"548","service"
"549","piece"
"550","web"
"551","boss"
"552","sport"
"553","fun"
"554","house"
"555","page"
"556","term"
"557","test"
"558","answer"
"559","sound"
"560","focus"
"561","matter"
"562","kind"
"563","soil"
"564","board"
"565","oil"
"566","picture"
"567","access"
"568","garden"
"569","range"
"570","rate"
"571","reason"
"572","future"
"573","site"
"574","demand"
"575","exercise"
"576","image"
"577","case"
"578","cause"
"579","coast"
"580","action"
"581","age"
"582","bad"
"583","boat"
"584","record"
"585","result"
"586","section"
"587","building"
"588","mouse"
"589","cash"
"590","class"
"591","nothing"
"592","period"
"593","plan"
"594","store"
"595","tax"
"596","side"
"597","subject"
"598","space"
"599","rule"
"600","stock"
"601","weather"
"602","chance"
"603","figure"
"604","man"
"605","model"
"606","source"
"607","beginning"
"608","earth"
"609","program"
"610","chicken"
"611","design"
"612","feature"
"613","head"
"614","material"
"615","purpose"
"616","question"
"617","rock"
"618","salt"
"619","act"
"620","birth"
"621","car"
"622","dog"
"623","object"
"624","scale"
"625","sun"
"626","note"
"627","profit"
"628","rent"
"629","speed"
"630","style"
"631","war"
"632","bank"
"633","craft"
"634","half"
"635","inside"
"636","outside"
"637","standard"
"638","bus"
"639","exchange"
"640","eye"
"641","fire"
"642","position"
"643","pressure"
"644","stress"
"645","advantage"
"646","benefit"
"647","box"
"648","frame"
"649","issue"
"650","step"
"651","cycle"
"652","face"
"653","item"
"654","metal"
"655","paint"
"656","review"
"657","room"
"658","screen"
"659","structure"
"660","view"
"661","account"
"662","ball"
"663","discipline"
"664","medium"
"665","share"
"666","balance"
"667","bit"
"668","black"
"669","bottom"
"670","choice"
"671","gift"
"672","impact"
"673","machine"
"674","shape"
"675","tool"
"676","wind"
"677","address"
"678","average"
"679","career"
"680","culture"
"681","morning"
"682","pot"
"683","sign"
"684","table"
"685","task"
"686","condition"
"687","contact"
"688","credit"
"689","egg"
"690","hope"
"691","ice"
"692","network"
"693","north"
"694","square"
"695","attempt"
"696","date"
"697","effect"
"698","link"
"699","post"
"700","star"
"701","voice"
"702","capital"
"703","challenge"
"704","friend"
"705","self"
"706","shot"
"707","brush"
"708","couple"
"709","debate"
"710","exit"
"711","front"
"712","function"
"713","lack"
"714","living"
"715","plant"
"716","plastic"
"717","spot"
"718","summer"
"719","taste"
"720","theme"
"721","track"
"722","wing"
"723","brain"
"724","button"
"725","click"
"726","desire"
"727","foot"
"728","gas"
"729","influence"
"730","notice"
"731","rain"
"732","wall"
"733","base"
"734","damage"
"735","distance"
"736","feeling"
"737","pair"
"738","savings"
"739","staff"
"740","sugar"
"741","target"
"742","text"
"743","animal"
"744","author"
"745","budget"
"746","discount"
"747","file"
"748","ground"
"749","lesson"
"750","minute"
"751","officer"
"752","phase"
"753","reference"
"754","register"
"755","sky"
"756","stage"
"757","stick"
"758","title"
"759","trouble"
"760","bowl"
"761","bridge"
"762","campaign"
"763","character"
"764","club"
"765","edge"
"766","evidence"
"767","fan"
"768","letter"
"769","lock"
"770","maximum"
"771","novel"
"772","option"
"773","pack"
"774","park"
"775","plenty"
"776","quarter"
"777","skin"
"778","sort"
"779","weight"
"780","baby"
"781","background"
"782","carry"
"783","dish"
"784","factor"
"785","fruit"
"786","glass"
"787","joint"
"788","master"
"789","muscle"
"790","red"
"791","strength"
"792","traffic"
"793","trip"
"794","vegetable"
"795","appeal"
"796","chart"
"797","gear"
"798","ideal"
"799","kitchen"
"800","land"
"801","log"
"802","mother"
"803","net"
"804","party"
"805","principle"
"806","relative"
"807","sale"
"808","season"
"809","signal"
"810","spirit"
"811","street"
"812","tree"
"813","wave"
"814","belt"
"815","bench"
"816","commission"
"817","copy"
"818","drop"
"819","minimum"
"820","path"
"821","progress"
"822","project"
"823","sea"
"824","south"
"825","status"
"826","stuff"
"827","ticket"
"828","tour"
"829","angle"
"830","blue"
"831","breakfast"
"832","confidence"
"833","daughter"
"834","degree"
"835","doctor"
"836","dot"
"837","dream"
"838","duty"
"839","essay"
"840","father"
"841","fee"
"842","finance"
"843","hour"
"844","juice"
"845","limit"
"846","luck"
"847","milk"
"848","mouth"
"849","peace"
"850","pipe"
"851","seat"
"852","stable"
"853","storm"
"854","substance"
"855","team"
"856","trick"
"857","afternoon"
"858","bat"
"859","beach"
"860","blank"
"861","catch"
"862","chain"
"863","consideration"
"864","cream"
"865","crew"
"866","detail"
"867","gold"
"868","interview"
"869","kid"
"870","mark"
"871","match"
"872","mission"
"873","pain"
"874","pleasure"
"875","score"
"876","screw"
"877","sex"
"878","shop"
"879","shower"
"880","suit"
"881","tone"
"882","window"
"883","agent"
"884","band"
"885","block"
"886","bone"
"887","calendar"
"888","cap"
"889","coat"
"890","contest"
"891","corner"
"892","court"
"893","cup"
"894","district"
"895","door"
"896","east"
"897","finger"
"898","garage"
"899","guarantee"
"900","hole"
"901","hook"
"902","implement"
"903","layer"
"904","lecture"
"905","lie"
"906","manner"
"907","meeting"
"908","nose"
"909","parking"
"910","partner"
"911","profile"
"912","respect"
"913","rice"
"914","routine"
"915","schedule"
"916","swimming"
"917","telephone"
"918","tip"
"919","winter"
"920","airline"
"921","bag"
"922","battle"
"923","bed"
"924","bill"
"925","bother"
"926","cake"
"927","code"
"928","curve"
"929","designer"
"930","dimension"
"931","dress"
"932","ease"
"933","emergency"
"934","evening"
"935","extension"
"936","farm"
"937","fight"
"938","gap"
"939","grade"
"940","holiday"
"941","horror"
"942","horse"
"943","host"
"944","husband"
"945","loan"
"946","mistake"
"947","mountain"
"948","nail"
"949","noise"
"950","occasion"
"951","package"
"952","patient"
"953","pause"
"954","phrase"
"955","proof"
"956","race"
"957","relief"
"958","sand"
"959","sentence"
"960","shoulder"
"961","smoke"
"962","stomach"
"963","string"
"964","tourist"
"965","towel"
"966","vacation"
"967","west"
"968","wheel"
"969","wine"
"970","arm"
"971","aside"
"972","associate"
"973","bet"
"974","blow"
"975","border"
"976","branch"
"977","breast"
"978","brother"
"979","buddy"
"980","bunch"
"981","chip"
"982","coach"
"983","cross"
"984","document"
"985","draft"
"986","dust"
"987","expert"
"988","floor"
"989","god"
"990","golf"
"991","habit"
"992","iron"
"993","judge"
"994","knife"
"995","landscape"
"996","league"
"997","mail"
"998","mess"
"999","native"
"1000","opening"
"1001","parent"
"1002","pattern"
"1003","pin"
"1004","pool"
"1005","pound"
"1006","request"
"1007","salary"
"1008","shame"
"1009","shelter"
"1010","shoe"
"1011","silver"
"1012","tackle"
"1013","tank"
"1014","trust"
"1015","assist"
"1016","bake"
"1017","bar"
"1018","bell"
"1019","bike"
"1020","blame"
"1021","boy"
"1022","brick"
"1023","chair"
"1024","closet"
"1025","clue"
"1026","collar"
"1027","comment"
"1028","conference"
"1029","devil"
"1030","diet"
"1031","fear"
"1032","fuel"
"1033","glove"
"1034","jacket"
"1035","lunch"
"1036","monitor"
"1037","mortgage"
"1038","nurse"
"1039","pace"
"1040","panic"
"1041","peak"
"1042","plane"
"1043","reward"
"1044","row"
"1045","sandwich"
"1046","shock"
"1047","spite"
"1048","spray"
"1049","surprise"
"1050","till"
"1051","transition"
"1052","weekend"
"1053","welcome"
"1054","yard"
"1055","alarm"
"1056","bend"
"1057","bicycle"
"1058","bite"
"1059","blind"
"1060","bottle"
"1061","cable"
"1062","candle"
"1063","clerk"
"1064","cloud"
"1065","concert"
"1066","counter"
"1067","flower"
"1068","grandfather"
"1069","harm"
"1070","knee"
"1071","lawyer"
"1072","leather"
"1073","load"
"1074","mirror"
"1075","neck"
"1076","pension"
"1077","plate"
"1078","purple"
"1079","ruin"
"1080","ship"
"1081","skirt"
"1082","slice"
"1083","snow"
"1084","specialist"
"1085","stroke"
"1086","switch"
"1087","trash"
"1088","tune"
"1089","zone"
"1090","anger"
"1091","award"
"1092","bid"
"1093","bitter"
"1094","boot"
"1095","bug"
"1096","camp"
"1097","candy"
"1098","carpet"
"1099","cat"
"1100","champion"
"1101","channel"
"1102","clock"
"1103","comfort"
"1104","cow"
"1105","crack"
"1106","engineer"
"1107","entrance"
"1108","fault"
"1109","grass"
"1110","guy"
"1111","hell"
"1112","highlight"
"1113","incident"
"1114","island"
"1115","joke"
"1116","jury"
"1117","leg"
"1118","lip"
"1119","mate"
"1120","motor"
"1121","nerve"
"1122","passage"
"1123","pen"
"1124","pride"
"1125","priest"
"1126","prize"
"1127","promise"
"1128","resident"
"1129","resort"
"1130","ring"
"1131","roof"
"1132","rope"
"1133","sail"
"1134","scheme"
"1135","script"
"1136","sock"
"1137","station"
"1138","toe"
"1139","tower"
"1140","truck"
"1141","witness"
"1142","a"
"1143","you"
"1144","it"
"1145","can"
"1146","will"
"1147","if"
"1148","many"
"1149","most"
"1150","other"
"1151","use"
"1152","make"
"1153","good"
"1154","look"
"1155","help"
"1156","go"
"1157","great"
"1158","being"
"1159","few"
"1160","might"
"1161","still"
"1162","public"
"1163","read"
"1164","keep"
"1165","start"
"1166","give"
"1167","human"
"1168","local"
"1169","general"
"1170","she"
"1171","specific"
"1172","long"
"1173","play"
"1174","feel"
"1175","high"
"1176","tonight"
"1177","put"
"1178","common"
"1179","set"
"1180","change"
"1181","simple"
"1182","past"
"1183","big"
"1184","possible"
"1185","particular"
"1186","today"
"1187","major"
"1188","personal"
"1189","current"
"1190","national"
"1191","cut"
"1192","natural"
"1193","physical"
"1194","show"
"1195","try"
"1196","check"
"1197","second"
"1198","call"
"1199","move"
"1200","pay"
"1201","let"
"1202","increase"
"1203","single"
"1204","individual"
"1205","turn"
"1206","ask"
"1207","buy"
"1208","guard"
"1209","hold"
"1210","main"
"1211","offer"
"1212","potential"
"1213","professional"
"1214","international"
"1215","travel"
"1216","cook"
"1217","alternative"
"1218","following"
"1219","special"
"1220","working"
"1221","whole"
"1222","dance"
"1223","excuse"
"1224","cold"
"1225","commercial"
"1226","low"
"1227","purchase"
"1228","deal"
"1229","primary"
"1230","worth"
"1231","fall"
"1232","necessary"
"1233","positive"
"1234","produce"
"1235","search"
"1236","present"
"1237","spend"
"1238","talk"
"1239","creative"
"1240","tell"
"1241","cost"
"1242","drive"
"1243","green"
"1244","support"
"1245","glad"
"1246","remove"
"1247","return"
"1248","run"
"1249","complex"
"1250","due"
"1251","effective"
"1252","middle"
"1253","regular"
"1254","reserve"
"1255","independent"
"1256","leave"
"1257","original"
"1258","reach"
"1259","rest"
"1260","serve"
"1261","watch"
"1262","beautiful"
"1263","charge"
"1264","active"
"1265","break"
"1266","negative"
"1267","safe"
"1268","stay"
"1269","visit"
"1270","visual"
"1271","affect"
"1272","cover"
"1273","report"
"1274","rise"
"1275","walk"
"1276","white"
"1277","beyond"
"1278","junior"
"1279","pick"
"1280","unique"
"1281","anything"
"1282","classic"
"1283","final"
"1284","lift"
"1285","mix"
"1286","private"
"1287","stop"
"1288","teach"
"1289","western"
"1290","concern"
"1291","familiar"
"1292","fly"
"1293","official"
"1294","broad"
"1295","comfortable"
"1296","gain"
"1297","maybe"
"1298","rich"
"1299","save"
"1300","stand"
"1301","young"
"1302","fail"
"1303","heavy"
"1304","hello"
"1305","lead"
"1306","listen"
"1307","valuable"
"1308","worry"
"1309","handle"
"1310","leading"
"1311","meet"
"1312","release"
"1313","sell"
"1314","finish"
"1315","normal"
"1316","press"
"1317","ride"
"1318","secret"
"1319","spread"
"1320","spring"
"1321","tough"
"1322","wait"
"1323","brown"
"1324","deep"
"1325","display"
"1326","flow"
"1327","hit"
"1328","objective"
"1329","shoot"
"1330","touch"
"1331","cancel"
"1332","chemical"
"1333","cry"
"1334","dump"
"1335","extreme"
"1336","push"
"1337","conflict"
"1338","eat"
"1339","fill"
"1340","formal"
"1341","jump"
"1342","kick"
"1343","opposite"
"1344","pass"
"1345","pitch"
"1346","remote"
"1347","total"
"1348","treat"
"1349","vast"
"1350","abuse"
"1351","beat"
"1352","burn"
"1353","deposit"
"1354","print"
"1355","raise"
"1356","sleep"
"1357","somewhere"
"1358","advance"
"1359","anywhere"
"1360","consist"
"1361","dark"
"1362","double"
"1363","draw"
"1364","equal"
"1365","fix"
"1366","hire"
"1367","internal"
"1368","join"
"1369","kill"
"1370","sensitive"
"1371","tap"
"1372","win"
"1373","attack"
"1374","claim"
"1375","constant"
"1376","drag"
"1377","drink"
"1378","guess"
"1379","minor"
"1380","pull"
"1381","raw"
"1382","soft"
"1383","solid"
"1384","wear"
"1385","weird"
"1386","wonder"
"1387","annual"
"1388","count"
"1389","dead"
"1390","doubt"
"1391","feed"
"1392","forever"
"1393","impress"
"1394","nobody"
"1395","repeat"
"1396","round"
"1397","sing"
"1398","slide"
"1399","strip"
"1400","whereas"
"1401","wish"
"1402","combine"
"1403","command"
"1404","dig"
"1405","divide"
"1406","equivalent"
"1407","hang"
"1408","hunt"
"1409","initial"
"1410","march"
"1411","mention"
"1412","smell"
"1413","spiritual"
"1414","survey"
"1415","tie"
"1416","adult"
"1417","brief"
"1418","crazy"
"1419","escape"
"1420","gather"
"1421","hate"
"1422","prior"
"1423","repair"
"1424","rough"
"1425","sad"
"1426","scratch"
"1427","sick"
"1428","strike"
"1429","employ"
"1430","external"
"1431","hurt"
"1432","illegal"
"1433","laugh"
"1434","lay"
"1435","mobile"
"1436","nasty"
"1437","ordinary"
"1438","respond"
"1439","royal"
"1440","senior"
"1441","split"
"1442","strain"
"1443","struggle"
"1444","swim"
"1445","train"
"1446","upper"
"1447","wash"
"1448","yellow"
"1449","convert"
"1450","crash"
"1451","dependent"
"1452","fold"
"1453","funny"
"1454","grab"
"1455","hide"
"1456","miss"
"1457","permit"
"1458","quote"
"1459","recover"
"1460","resolve"
"1461","roll"
"1462","sink"
"1463","slip"
"1464","spare"
"1465","suspect"
"1466","sweet"
"1467","swing"
"1468","twist"
"1469","upstairs"
"1470","usual"
"1471","abroad"
"1472","brave"
"1473","calm"
"1474","concentrate"
"1475","estimate"
"1476","grand"
"1477","male"
"1478","mine"
"1479","prompt"
"1480","quiet"
"1481","refuse"
"1482","regret"
"1483","reveal"
"1484","rush"
"1485","shake"
"1486","shift"
"1487","shine"
"1488","steal"
"1489","suck"
"1490","surround"
"1491","anybody"
"1492","bear"
"1493","brilliant"
"1494","dare"
"1495","dear"
"1496","delay"
"1497","drunk"
"1498","female"
"1499","hurry"
"1500","inevitable"
"1501","invite"
"1502","kiss"
"1503","neat"
"1504","pop"
"1505","punch"
"1506","quit"
"1507","reply"
"1508","representative"
"1509","resist"
"1510","rip"
"1511","rub"
"1512","silly"
"1513","smile"
"1514","spell"
"1515","stretch"
"1516","stupid"
"1517","tear"
"1518","temporary"
"1519","tomorrow"
"1520","wake"
"1521","wrap"
"1522","yesterday"
